01_tetrahedron_66_0-224-E,GTGGTCGGGGTACAGCTCCTCGCCCTTTTGTGTTGCTGCTTCAT
01_tetrahedron_66_0-202-E,CACTGCACGCCAGGATGGGCACCACCCCGGTGAAGCGGCTGAAG
01_tetrahedron_66_1-541-V,TGGTAGTGGTCGGTTTTTCGAGCTGCACATGGCGGACTTGTTTTTAAGAAGTCGGGAATTGTGAGCGTTTTTGATAACAAT
01_tetrahedron_66_1-752-E,AACAGCTATGAGTCGCCGATGGGGGTGTTCTGCTTCACACAGGA
01_tetrahedron_66_1-730-E,CCAAGCTTGCATGTCGGGCAGCAGCACGGGGCCCCATGATTACG
01_tetrahedron_66_2-418-E,TCCAGCTTACGTTGTGGCTGTTGTAGTCTTTGC
01_tetrahedron_66_2-615-E,TCAGGGCGATCGCGCTTCTCGTTGGGGTTGTAC
01_tetrahedron_66_2-410-E,GTGCCCCAGGACCATGATATAG
01_tetrahedron_66_3-475-V,ATGCCGTTCTTCTTTTTTGCTTGTCGGTGTTGCCGTCCTCTTTTTCTTGAAGTCGGCGCGGGTCTTGTTTTTTAGTTGCCG
01_tetrahedron_66_3-508-E,TCGATGTTGTGGCTCCTGGACGTAGCCTTCGGGCGCTGCCGTCC
01_tetrahedron_66_3-486-E,AGTTCACCTTGTCGTCCTTGAAGAAGATGGTGCGCGGATCTTGA
01_tetrahedron_66_4-663-V,CGAACTCCAGCAGTTTTTGACCATGTGGACTGGGTGCTCATTTTTGGTAGTGGTTGCCTGCAGTTACTTTTTTTGTACAGC
01_tetrahedron_66_4-78-E,CGCTGAACCATCGCCCTCGCCCTCGCTCCCGGC
01_tetrahedron_66_4-671-E,GGCGGTCATCGTCCATGCCGAGAGTGACGGACA
01_tetrahedron_66_4-70-E,TTGTGGCCGTTGCCGTAGGTGG
01_tetrahedron_66_5-135-V,AGATGAACTTCAGTTTTTGGTCAGCTTTACGTCGCCGTCCTTTTTAGCTCGACCGTAGGTCAGGGTGTTTTTGTCACGAGG
01_tetrahedron_66_5-342-E,CGCCCTCGGCTCGATGCGGTTCACCAGCTTGCC
01_tetrahedron_66_5-143-E,GGTGGTGCGTGGGCCAGGGCACGGGCAGGGTGT
01_tetrahedron_66_5-334-E,AACTTCACCTCGATGCCCTTCA
None,None
EGFP_rTet66_v2_(0-791),AAGGGCGAGGAGCTGTTCACCGGGGTGGTGCCCATCCTGGTCGAGCTGGACGGCGACGTAAACGGCCACAAGTTCAGCGTGTCCGGCGAGGGCGAGGGCGATGCCACCTACGGCAAGCTGACCCTGAAGTTCATCTGCACCACCGGCAAGCTGCCCGTGCCCTGGCCCACCCTCGTGACCACCCTGACCTACGGCGTGCAGTGCTTCAGCCGCTACCCCGACCACATGAAGCAGCACGACTTCTTCAAGTCCGCCATGCCCGAAGGCTACGTCCAGGAGCGCACCATCTTCTTCAAGGACGACGGCAACTACAAGACCCGCGCCGAGGTGAAGTTCGAGGGCGACACCCTGGTGAACCGCATCGAGCTGAAGGGCATCGACTTCAAGGAGGACGGCAACATCCTGGGGCACAAGCTGGAGTACAACTACAACAGCCACAACGTCTATATCATGGCCGACAAGCAGAAGAACGGCATCAAGGTGAACTTCAAGATCCGCCACAACATCGAGGACGGCAGCGTGCAGCTCGCCGACCACTACCAGCAGAACACCCCCATCGGCGACGGCCCCGTGCTGCTGCCCGACAACCACTACCTGAGCACCCAGTCCGCCCTGAGCAAAGACCCCAACGAGAAGCGCGATCACATGGTCCTGCTGGAGTTCGTGACCGCCGCCGGGATCACTCTCGGCATGGACGAGCTGTACAAGTAACTGCAGGCATGCAAGCTTGGCGTAATCATGGTCATAGCTGTTTCCTGTGTGAAATTGTTATCCGCTCACAATTCCACACAA
