03_octahedron_44_0-1005-V,GCTGGCTGACCTTTTTTTCATCAAGAGAAATCAACGTAACTTTTTAAAGCTGCT
03_octahedron_44_0-1016-E,CAGGCGCATAGTTTAAGAACTGGCTCATTATACGGTGTACAGAC
03_octahedron_44_1-1049-V,CTTTGAAAGAGGATTTTTCAGATGAACCAGTCAGGACGTTTTTTTGGGAAGAAA
03_octahedron_44_1-170-E,GTGTCTGGAAGTAATAGTAGTAGCATTGACCAAACTAAAGTACG
03_octahedron_44_2-37-V,GAAAAGGTGGCATTTTTTCAATTCTACTTTCATTCCATATTTTTTAACAGTTGA
03_octahedron_44_2-959-E,CATTACCCTAATCTTGACAAGAACCGAGCTGGGGCGCGGATATT
03_octahedron_44_3-409-V,TCAGAAGCAAAGCTTTTTGGATTGCATAAATATCGCGTTTTTTTTTAATTCGAG
03_octahedron_44_3-420-E,GACTATTATAGATTGCTGAATATAATGCTGTAGGTCTTTACCCT
03_octahedron_44_4-453-V,ATGACCATAAATCTTTTTAAAAATCAGCTCAACATGTTTTTTTTTAAATATGCA
03_octahedron_44_4-766-E,ATAAAACGAACTTAAACAGTTCAGAAAACGAGAAATCTACGTTA
03_octahedron_44_5-497-V,CATTGAATCCCCCTTTTTTCAAATGCTTAACGGAACAACATTTTTTTATTACAG
03_octahedron_44_5-363-E,AAGACTTCCAAAAAGATTAAGAGGAATATTGTCATAAAGCCCGA
03_octahedron_44_6-677-V,ATAACGCCAAAAGTTTTTGAATTACGAGCAACACTATCATTTTTTAACCCTCGT
03_octahedron_44_6-542-E,TTTAGACTGGACACATTCAACTAATGCAGATACATAGTAAAATG
03_octahedron_44_7-721-V,ATCAGTTGAGATTTTTTTTAGGAATACTAGCGTCCAATACTTTTTTGCGGAATC
03_octahedron_44_7-851-E,CTTTAATCGGGCTTGAGATGGTTTAAATTCGTAGAAAGTTTCAA
03_octahedron_44_8-897-V,ACACCAGAACGAGTTTTTTAGTAAATTATTGTGAATTACCTTTTTTTATGCGAT
03_octahedron_44_8-905-E,GACGAGAACATTCAGTGAATAAGGCTAAGAGGCATAGTTGCCCT
03_octahedron_44_9-609-V,GATAAAAACCAAATTTTTATAGCGAGAAGAAGTTTTGCCATTTTTGAGGGGGTA
03_octahedron_44_9-79-E,TCAATAACCCATTAGATACATTTCGCCGACTTACCAGAAAATGG
03_octahedron_44_10-125-V,CGAACGAGTAGATTTTTTTTAGTTTGACTGTTTAGCTATATTTTTTTTTCATTT
03_octahedron_44_10-255-E,AGGTCATTCCTTTAATTGCTCCTTTTTCTGTTCCCAATGATAAG
03_octahedron_44_11-301-V,AACAGGTCAGGATTTTTTTAGAGAGTATTTGCGGATGGCTTTTTTTAGAGCTTA
03_octahedron_44_11-309-E,CAAACTCCCTTCAAAGCGAACCAGACCAAAGGCTTTTGCGGAAG
None,None
full_M13_(0-1055),AATGCTACTACTATTAGTAGAATTGATGCCACCTTTTCAGCTCGCGCCCCAAATGAAAATATAGCTAAACAGGTTATTGACCATTTGCGAAATGTATCTAATGGTCAAACTAAATCTACTCGTTCGCAGAATTGGGAATCAACTGTTATATGGAATGAAACTTCCAGACACCGTACTTTAGTTGCATATTTAAAACATGTTGAGCTACAGCATTATATTCAGCAATTAAGCTCTAAGCCATCCGCAAAAATGACCTCTTATCAAAAGGAGCAATTAAAGGTACTCTCTAATCCTGACCTGTTGGAGTTTGCTTCCGGTCTGGTTCGCTTTGAAGCTCGAATTAAAACGCGATATTTGAAGTCTTTCGGGCTTCCTCTTAATCTTTTTGATGCAATCCGCTTTGCTTCTGACTATAATAGTCAGGGTAAAGACCTGATTTTTGATTTATGGTCATTCTCGTTTTCTGAACTGTTTAAAGCATTTGAGGGGGATTCAATGAATATTTATGACGATTCCGCAGTATTGGACGCTATCCAGTCTAAACATTTTACTATTACCCCCTCTGGCAAAACTTCTTTTGCAAAAGCCTCTCGCTATTTTGGTTTTTATCGTCGTCTGGTAAACGAGGGTTATGATAGTGTTGCTCTTACTATGCCTCGTAATTCCTTTTGGCGTTATGTATCTGCATTAGTTGAATGTGGTATTCCTAAATCTCAACTGATGAATCTTTCTACCTGTAATAATGTTGTTCCGTTAGTTCGTTTTATTAACGTAGATTTTTCTTCCCAACGTCCTGACTGGTATAATGAGCCAGTTCTTAAAATCGCATAAGGTAATTCACAATGATTAAAGTTGAAATTAAACCATCTCAAGCCCAATTTACTACTCGTTCTGGTGTTTCTCGTCAGGGCAAGCCTTATTCACTGAATGAGCAGCTTTGTTACGTTGATTTGGGTAATGAATATCCGGTTCTTGTCAAGATTACTCTTGATGAAGGTCAGCCAGCCTATGCGCCTGGTCTGTACACCGTTCATCTGTCCTCTTTCAAAGTTGGTC
