18_pentagonal_bipyramid_(J13)_66_0-1256-V,GAAGGCACCAATTTTTCCTAAAACGAAGAAGTTTTGCCTTTTTAGAGGGGGTAA
18_pentagonal_bipyramid_(J13)_66_0-1542-E,GCCTTTAATTGGTAAAATACGTAATGCCACTACCTCCAAAAGGA
18_pentagonal_bipyramid_(J13)_66_0-1520-E,CAGCTTGCTTTTGAGGAAGTTTCCATTAAACGGTATCGGTTTAT
18_pentagonal_bipyramid_(J13)_66_1-1223-E,AATACACTAAAATAGCGAGAGGCTTTTGCAAAAAGAGGCAAAAG
18_pentagonal_bipyramid_(J13)_66_1-1201-E,TGACCCCCAGCCCAGACGACGATAAAAACCAAAACACTCATCTT
18_pentagonal_bipyramid_(J13)_66_2-717-V,GTTGAGATTTATTTTTGGAATACCACAACACTATCATATTTTTACCCTCGTTTAGATTATACCAATTTTTGCGCGAAACAA
18_pentagonal_bipyramid_(J13)_66_2-329-E,AAAGCGAAAATATCGCGTTTTAATTCGAGAAAG
18_pentagonal_bipyramid_(J13)_66_2-725-E,ATTCATCAGAACAACATTATTACAGGTAGCTTC
18_pentagonal_bipyramid_(J13)_66_2-321-E,CCAGACCGGAAGAAAGACTTCA
18_pentagonal_bipyramid_(J13)_66_3-453-V,ATGACCATAAATTTTTTCAAAAATCAGTTAGTTTGACCTTTTTATTAGATACAT
18_pentagonal_bipyramid_(J13)_66_3-659-E,ACGAGGCACAGATACATAACGCCAAAATTCAGA
18_pentagonal_bipyramid_(J13)_66_3-461-E,AAACGAGACCTCAAATGCTTTAAACAGGGAATT
18_pentagonal_bipyramid_(J13)_66_3-651-E,TAGTAAGAGCATTCAACTAATG
18_pentagonal_bipyramid_(J13)_66_4-1938-E,ATATAAGTATATGCGAATAATAATTTTTTCACGCGAGAGGGTTG
18_pentagonal_bipyramid_(J13)_66_4-1916-E,GTGTATCACCGAGAAAGGAACAACTAAAGGAATGCCCGGAATAG
18_pentagonal_bipyramid_(J13)_66_5-1971-V,GTACCAGGCGGTTTTTATAAGTGCCGTTTGAAAATCTCTTTTTCAAAAAAAAGG
18_pentagonal_bipyramid_(J13)_66_5-541-E,TTAGACTGGATATAGTAGTAGCATTTTTGCTCATAGTAAAATGT
18_pentagonal_bipyramid_(J13)_66_5-519-E,CTGCGGAATCGAAAGGTGGCATCAATTCTACTAAGCGTCCAATA
18_pentagonal_bipyramid_(J13)_66_6-57-V,TTTCATTTGGGTTTTTGCGCGAGCTGATCATAAATATTTTTTTCATTGAATCCC
18_pentagonal_bipyramid_(J13)_66_6-1847-E,CAGAGCCACCGCCACCCTCAGAACCGCCTGTTT
18_pentagonal_bipyramid_(J13)_66_6-65-E,AGCTATATTTCGCAAATGGTCAATAACCACCCT
18_pentagonal_bipyramid_(J13)_66_6-1839-E,CCACCCTCATTCACCCTCAGAA
18_pentagonal_bipyramid_(J13)_66_7-387-V,CAAAAAGATTATTTTTAGAGGAAGCCCGCAAACTCCAATTTTTCAGGTCAGGAT
18_pentagonal_bipyramid_(J13)_66_7-420-E,GACTATTATAGCCAATTCTGCGAACGAGTAGATGTCTTTACCCT
18_pentagonal_bipyramid_(J13)_66_7-398-E,GCGGATTGCATCATTCCATATAACAGTTGATTCTCAGAAGCAAA
18_pentagonal_bipyramid_(J13)_66_8-1135-V,ATTGTGTCGAATTTTTATCCGCGACCTACGTTAATAAATTTTTACGAACTAACG
18_pentagonal_bipyramid_(J13)_66_8-1322-V,TTGAGGACTAATTTTTAGACTTTTTCACGAGGTGAATTTTTTTTCTTAAACAGC
18_pentagonal_bipyramid_(J13)_66_8-1341-E,AGCAACGGCGAAAGACAGCATCGGAACTCATCG
18_pentagonal_bipyramid_(J13)_66_8-1143-E,CCTGATAAAGTACAACGGAGATTTGTAGAGGGT
18_pentagonal_bipyramid_(J13)_66_8-1333-E,CTACAGAGGCTACCCTCAGCAG
18_pentagonal_bipyramid_(J13)_66_9-1011-E,GCATAGGCCAGATGAACGGTGTACAGATTGCAG
18_pentagonal_bipyramid_(J13)_66_9-1407-E,GGAGTTAATATATTCGGTCGCTGAGGCCCAGGC
18_pentagonal_bipyramid_(J13)_66_9-1003-E,TGGCTGACCTTTTGAAAGAGGA
18_pentagonal_bipyramid_(J13)_66_10-1454-V,ACCATCGCCCATTTTTCGCATAACCGAAGGCCGCTTTTTTTTTGCGGGATCGTC
18_pentagonal_bipyramid_(J13)_66_10-1641-V,ACAGTTTCAGCTTTTTGGAGTGAGAATTACTCAGGAGGTTTTTTTTAGTACCGCTTCAGGGATAGTTTTTCAAGCCCAATA
18_pentagonal_bipyramid_(J13)_66_10-1660-E,TTTTGCTATAGTAAATGAATTTTCTGTCGACAA
18_pentagonal_bipyramid_(J13)_66_10-1462-E,TGACAACATTGATACCGATAGTTGCGCATGGGA
18_pentagonal_bipyramid_(J13)_66_10-1652-E,AACAACTTTCATTTCCAGACGT
18_pentagonal_bipyramid_(J13)_66_11-915-V,GGCTTGCCCTGTTTTTACGAGAAACACGAATTACCTTATTTTTTGCGATTTTAA
18_pentagonal_bipyramid_(J13)_66_11-934-E,CTGCTCATCATTACCCAAATCAACGTACTCATA
18_pentagonal_bipyramid_(J13)_66_11-1726-E,GTTAGCGTTAGCATTCCACAGACAGCCACAAAG
18_pentagonal_bipyramid_(J13)_66_11-926-E,TCAGTGAATAAAACCGGATATT
18_pentagonal_bipyramid_(J13)_66_12-1069-V,AAGGGAACCGATTTTTACTGACCAACTCATCAAGAGTATTTTTATCTTGACAAG
18_pentagonal_bipyramid_(J13)_66_12-1102-E,CTTAGCCGGAAAGGACGTTGGGAAGAAAAATCTGCTCCATGTTA
18_pentagonal_bipyramid_(J13)_66_12-1080-E,CGGTCAATCATGAACTGGCTCATTATACCAGTCCGAGGCGCAGA
18_pentagonal_bipyramid_(J13)_66_13-1773-V,CCAGTACAAACTTTTTTACAACGCCTGAACGATCTAAATTTTTGTTTTGTCGTC
18_pentagonal_bipyramid_(J13)_66_13-197-E,ATGTTTTAGCTGAATATAATGCTGTAGACTGAG
18_pentagonal_bipyramid_(J13)_66_13-1781-E,TTTCGTCAGGAACCCATGTACCGTAACCTCAAC
18_pentagonal_bipyramid_(J13)_66_13-189-E,AATATGCAACTAGAGCTTAATT
18_pentagonal_bipyramid_(J13)_66_14-255-V,AGGTCATTTTTTTTTTGCGGATGGCTTAAAGTACGGTGTTTTTTCTGGAAGTTT
18_pentagonal_bipyramid_(J13)_66_14-857-E,TTTCAACTGTAAATTGGGCTTGAGATGCTCCTT
18_pentagonal_bipyramid_(J13)_66_14-263-E,TTGATAAGTAGAGAGTACCTTTAATTGGTTTAA
18_pentagonal_bipyramid_(J13)_66_14-849-E,TTAATCATTGTCAGAACGAGTA
None,None
full_M13_(0-1979),AATGCTACTACTATTAGTAGAATTGATGCCACCTTTTCAGCTCGCGCCCCAAATGAAAATATAGCTAAACAGGTTATTGACCATTTGCGAAATGTATCTAATGGTCAAACTAAATCTACTCGTTCGCAGAATTGGGAATCAACTGTTATATGGAATGAAACTTCCAGACACCGTACTTTAGTTGCATATTTAAAACATGTTGAGCTACAGCATTATATTCAGCAATTAAGCTCTAAGCCATCCGCAAAAATGACCTCTTATCAAAAGGAGCAATTAAAGGTACTCTCTAATCCTGACCTGTTGGAGTTTGCTTCCGGTCTGGTTCGCTTTGAAGCTCGAATTAAAACGCGATATTTGAAGTCTTTCGGGCTTCCTCTTAATCTTTTTGATGCAATCCGCTTTGCTTCTGACTATAATAGTCAGGGTAAAGACCTGATTTTTGATTTATGGTCATTCTCGTTTTCTGAACTGTTTAAAGCATTTGAGGGGGATTCAATGAATATTTATGACGATTCCGCAGTATTGGACGCTATCCAGTCTAAACATTTTACTATTACCCCCTCTGGCAAAACTTCTTTTGCAAAAGCCTCTCGCTATTTTGGTTTTTATCGTCGTCTGGTAAACGAGGGTTATGATAGTGTTGCTCTTACTATGCCTCGTAATTCCTTTTGGCGTTATGTATCTGCATTAGTTGAATGTGGTATTCCTAAATCTCAACTGATGAATCTTTCTACCTGTAATAATGTTGTTCCGTTAGTTCGTTTTATTAACGTAGATTTTTCTTCCCAACGTCCTGACTGGTATAATGAGCCAGTTCTTAAAATCGCATAAGGTAATTCACAATGATTAAAGTTGAAATTAAACCATCTCAAGCCCAATTTACTACTCGTTCTGGTGTTTCTCGTCAGGGCAAGCCTTATTCACTGAATGAGCAGCTTTGTTACGTTGATTTGGGTAATGAATATCCGGTTCTTGTCAAGATTACTCTTGATGAAGGTCAGCCAGCCTATGCGCCTGGTCTGTACACCGTTCATCTGTCCTCTTTCAAAGTTGGTCAGTTCGGTTCCCTTATGATTGACCGTCTGCGCCTCGTTCCGGCTAAGTAACATGGAGCAGGTCGCGGATTTCGACACAATTTATCAGGCGATGATACAAATCTCCGTTGTACTTTGTTTCGCGCTTGGTATAATCGCTGGGGGTCAAAGATGAGTGTTTTAGTGTATTCTTTTGCCTCTTTCGTTTTAGGTTGGTGCCTTCGTAGTGGCATTACGTATTTTACCCGTTTAATGGAAACTTCCTCATGAAAAAGTCTTTAGTCCTCAAAGCCTCTGTAGCCGTTGCTACCCTCGTTCCGATGCTGTCTTTCGCTGCTGAGGGTGACGATCCCGCAAAAGCGGCCTTTAACTCCCTGCAAGCCTCAGCGACCGAATATATCGGTTATGCGTGGGCGATGGTTGTTGTCATTGTCGGCGCAACTATCGGTATCAAGCTGTTTAAGAAATTCACCTCGAAAGCAAGCTGATAAACCGATACAATTAAAGGCTCCTTTTGGAGCCTTTTTTTTGGAGATTTTCAACGTGAAAAAATTATTATTCGCAATTCCTTTAGTTGTTCCTTTCTATTCTCACTCCGCTGAAACTGTTGAAAGTTGTTTAGCAAAATCCCATACAGAAAATTCATTTACTAACGTCTGGAAAGACGACAAAACTTTAGATCGTTACGCTAACTATGAGGGCTGTCTGTGGAATGCTACAGGCGTTGTAGTTTGTACTGGTGACGAAACTCAGTGTTACGGTACATGGGTTCCTATTGGGCTTGCTATCCCTGAAAATGAGGGTGGTGGCTCTGAGGGTGGCGGTTCTGAGGGTGGCGGTTCTGAGGGTGGCGGTACTAAACCTCCTGAGTACGGTGATACACCTATTCCGGGCTATACTTATATCAACCCTCTCGACGGCACTTATCCGCCTGGTACTGAGCAAA
