18_pentagonal_bipyramid_(J13)_66_0-1257-V,TTTTCACCCGCTTTTTTTTATCGTTACAACCTTGCTACAGTTTTTAATATAAGT
18_pentagonal_bipyramid_(J13)_66_0-1544-E,GCTTTTCCTGGCTTGGTCTTCCGGCGAGCGGGCGATGCTTAGAG
18_pentagonal_bipyramid_(J13)_66_0-1522-E,TTGTTGCTTCACGATTAACGTTGGACAGGAACCAAGCAGGGCAT
18_pentagonal_bipyramid_(J13)_66_1-1224-E,TTCGCACTTCTCCTTCGGCTCCCCTATTCGGTTTTATGTCAGCA
18_pentagonal_bipyramid_(J13)_66_1-1202-E,CATGCCTCACACGCCCAGTTAAGACTCGGTTTCGATACCTCCAG
18_pentagonal_bipyramid_(J13)_66_2-719-V,TCAACATTAGTCGTTTTTGTTCGGTCCGGGTCTATACCCTTTTTTGCAACTTAAGCACACCTTCGCATTTTTGGCTTACAG
18_pentagonal_bipyramid_(J13)_66_2-332-E,TCACAGCACGTGTCCCGCCCTACTCATCATCCG
18_pentagonal_bipyramid_(J13)_66_2-727-E,CTAATTTTTTTCACCCCCAGCCACAAGTCGAGC
18_pentagonal_bipyramid_(J13)_66_2-324-E,TGTGCATTTTTACAGGATACCA
18_pentagonal_bipyramid_(J13)_66_3-455-V,GGTTCTTTTCGCCTTTTTTTTCCCTCAGTGTCGAAACACATTTTTCTGGGTTTC
18_pentagonal_bipyramid_(J13)_66_3-662-E,GGCTAGATTTACCCAACCTTCAACCTCACTCCC
18_pentagonal_bipyramid_(J13)_66_3-463-E,CTCGCCGGACGGTTTCAGGTTCTTTTTGCCCAT
18_pentagonal_bipyramid_(J13)_66_3-654-E,CACCGGGTTTCTCCAGTTAGTG
18_pentagonal_bipyramid_(J13)_66_4-1940-E,TTCGTGCAGGTACCTGACCACCTGTGTCGGTTTTCATTACGCCA
18_pentagonal_bipyramid_(J13)_66_4-1918-E,CGACAAGGAATCTCAAGCGCCTTGGTATTCTCTCGGAACTTACC
18_pentagonal_bipyramid_(J13)_66_5-1973-V,TCGGGTGGAGACATTTTTGCCTGGCCAGGGGTACGATTTGTTTTTATGTTACCT
18_pentagonal_bipyramid_(J13)_66_5-544-E,TATACAAAAGGCTCTGACTGCCAGGGCTGAGTCCGCTGACCCAT
18_pentagonal_bipyramid_(J13)_66_5-522-E,ACGCCTAAGCGAGATTAGCACGTCCTTCATCGCTACGCAGTCAC
18_pentagonal_bipyramid_(J13)_66_6-59-V,TCACCTTACCGACTTTTTGCTTATCGCTGCTCCCACTGCTTTTTTTGTACGTAC
18_pentagonal_bipyramid_(J13)_66_6-1850-E,AGCTTCGCCCGTTTACCGGGGCTTCGTTATAAC
18_pentagonal_bipyramid_(J13)_66_6-67-E,GGTTCATACCCATTCGGAAATCGCCGGATCAAG
18_pentagonal_bipyramid_(J13)_66_6-1842-E,TTGCGCTAACCAGTTACGGCCG
18_pentagonal_bipyramid_(J13)_66_7-389-V,AGGATGGTCCCCCTTTTTCATATTCAGGTGTACGGGGCTGTTTTTTCACCCTGT
18_pentagonal_bipyramid_(J13)_66_7-422-E,CACTATCGGTCTATGGATTCAGTTAATGATAGTCGGTACTGGTT
18_pentagonal_bipyramid_(J13)_66_7-400-E,TTTAGCCTTGGCCCCCGGTTCGCCTCATTAACCAGTCAGGAGTA
18_pentagonal_bipyramid_(J13)_66_8-1135-V,TGCCGCAGCTTCGTTTTTGTGCATGGTCTATCTCCCGGTTTTTTTTGATTGGCC
18_pentagonal_bipyramid_(J13)_66_8-1323-V,TAGGGGTCGACTCTTTTTACCCTGCCCGCACCGTAGTGCCTTTTTTCGTCATCA
18_pentagonal_bipyramid_(J13)_66_8-1342-E,ACGCCTTTATATTAACCTGTTTCCCAACGCATA
18_pentagonal_bipyramid_(J13)_66_8-1143-E,AGCGTCGCAACGCTCCCCTACCCAACATCGACT
18_pentagonal_bipyramid_(J13)_66_8-1334-E,CGGCCTCGCCTCAAGTACAGGA
18_pentagonal_bipyramid_(J13)_66_9-1012-E,CCTTCCCAAAGCCAACATCCTGGCTGCAACATA
18_pentagonal_bipyramid_(J13)_66_9-1407-E,GCCTTCTCGGGACAACCGTCGCCCGGCTCTGGG
18_pentagonal_bipyramid_(J13)_66_9-1004-E,CATCGTTTCCCTGGCTGCTTCT
18_pentagonal_bipyramid_(J13)_66_10-1455-V,AACCAGCCTACACTTTTTGCTTAAACCCGTCCCCCCTTCGTTTTTCAGTAACAC
18_pentagonal_bipyramid_(J13)_66_10-1643-V,CTAGTTCCTTCACTTTTTCCGAGTTCTTTCGCTACCTTAGTTTTTGACCGTTATCCATCAATTAACCTTTTTTTCCGGCAC
18_pentagonal_bipyramid_(J13)_66_10-1662-E,AGTTACGGACATATCAGCGTGCCTTCCGGATTT
18_pentagonal_bipyramid_(J13)_66_10-1463-E,GCCTGGAACGCCTCAGCCTTGATTTTCTCCCGA
18_pentagonal_bipyramid_(J13)_66_10-1654-E,CACCATTTTGCTCGCTTCACCT
18_pentagonal_bipyramid_(J13)_66_11-917-V,TGTGTCTCCCGTGTTTTTATAACATTCAACAGTGCTCTACTTTTTCCCCGGAGA
18_pentagonal_bipyramid_(J13)_66_11-936-E,CGGACGTTTCTGGGTTGTTTCCCTCTGCTGGTA
18_pentagonal_bipyramid_(J13)_66_11-1727-E,TCTTCGACTAATAAACAGTTGCAGCCATCACGA
18_pentagonal_bipyramid_(J13)_66_11-928-E,AGCACCCGCCGTTAGCTGGCGG
18_pentagonal_bipyramid_(J13)_66_12-1069-V,CTATTACGCTTTCTTTTTTTTAAATGAACTTAACCATGACTTTTTTTTGGGACC
18_pentagonal_bipyramid_(J13)_66_12-1102-E,ACATCTTCCGCAATAGCTTTCGGGGAGAACCAGTTAGCCCCGTT
18_pentagonal_bipyramid_(J13)_66_12-1080-E,CGACCAGTGAGTGAATTCACGAGGCGCTACCTAGCAGGCCGACT
18_pentagonal_bipyramid_(J13)_66_13-1775-V,TGTTTGCACAGTGTTTTTCTGTGTTTTTGATTTCAGCTCCTTTTTACGAGCAAG
18_pentagonal_bipyramid_(J13)_66_13-200-E,CGGTTGATCGCTCGCCGCTACTGGGGATACGTC
18_pentagonal_bipyramid_(J13)_66_13-1783-E,CACTTTCGCGGGCAGGCGTCACACCGTGAATCT
18_pentagonal_bipyramid_(J13)_66_13-192-E,TTCTTTTCCTCTGCTCCCCGTT
18_pentagonal_bipyramid_(J13)_66_14-257-V,CACACTGATTCAGTTTTTGCTCTGGGCGGGGTACTTAGATTTTTTGTTTCAGTT
18_pentagonal_bipyramid_(J13)_66_14-860-E,GGGATGACCAGTTTGCATCGGGTTGGGCTTCCA
18_pentagonal_bipyramid_(J13)_66_14-265-E,CTAACACAATCGCGCGCCTTTCCAGACTAAGTC
18_pentagonal_bipyramid_(J13)_66_14-852-E,CCCCTTGCCGATCCGGTATTCG
None,None
23s_rPB66_v2_(0-1979),GCCCTGGCAGTCAGAGGCGATGAAGGACGTGCTAATCTGCGATAAGCGTCGGTAAGGTGATATGAACCGTTATAACCGGCGATTTCCGAATGGGGAAACCCAGTGTGTTTCGACACACTATCATTAACTGAATCCATAGGTTAATGAGGCGAACCGGGGGAACTGAAACATCTAAGTACCCCGAGGAAAAGAAATCAACCGAGATTCCCCCAGTAGCGGCGAGCGAACGGGGAGCAGCCCAGAGCCTGAATCAGTGTGTGTGTTAGTGGAAGCGTCTGGAAAGGCGCGCGATACAGGGTGACAGCCCCGTACACAAAAATGCACATGCTGTGAGCTCGATGAGTAGGGCGGGACACGTGGTATCCTGTCTGAATATGGGGGGACCATCCTCCAAGGCTAAATACTCCTGACTGACCGATAGTGAACCAGTACCGTGAGGGAAAGGCGAAAAGAACCCCGGCGAGGGGAGTGAAAAAGAACCTGAAACCGTGTACGTACAAGCAGTGGGAGCACGCTTAGGCGTGTGACTGCGTACCTTTTGTATAATGGGTCAGCGACTTATATTCTGTAGCAAGGTTAACCGAATAGGGGAGCCGAAGGGAAACCGAGTCTTAACTGGGCGTTAAGTTGCAGGGTATAGACCCGAAACCCGGTGATCTAGCCATGGGCAGGTTGAAGGTTGGGTAACACTAACTGGAGGACCGAACCGACTAATGTTGAAAAATTAGCGGATGACTTGTGGCTGGGGGTGAAAGGCCAATCAAACCGGGAGATAGCTGGTTCTCCCCGAAAGCTATTTAGGTAGCGCCTCGTGAATTCATCTCCGGGGGTAGAGCACTGTTTCGGCAAGGGGGTCATCCCGACTTACCAACCCGATGCAAACTGCGAATACCGGAGAATGTTATCACGGGAGACACACGGCGGGTGCTAACGTCCGTCGTGAAGAGGGAAACAACCCAGACCGCCAGCTAAGGTCCCAAAGTCATGGTTAAGTGGGAAACGATGTGGGAAGGCCCAGACAGCCAGGATGTTGGCTTAGAAGCAGCCATCATTTAAAGAAAGCGTAATAGCTCACTGGTCGAGTCGGCCTGCGCGGAAGATGTAACGGGGCTAAACCATGCACCGAAGCTGCGGCAGCGACGCTTATGCGTTGTTGGGTAGGGGAGCGTTCTGTAAGCCTGCGAAGGTGTGCTGTGAGGCATGCTGGAGGTATCAGAAGTGCGAATGCTGACATAAGTAACGATAAAGCGGGTGAAAAGCCCGCTCGCCGGAAGACCAAGGGTTCCTGTCCAACGTTAATCGGGGCAGGGTGAGTCGACCCCTAAGGCGAGGCCGAAAGGCGTAGTCGATGGGAAACAGGTTAATATTCCTGTACTTGGTGTTACTGCGAAGGGGGGACGGAGAAGGCTATGTTGGCCGGGCGACGGTTGTCCCGGTTTAAGCGTGTAGGCTGGTTTTCCAGGCAAATCCGGAAAATCAAGGCTGAGGCGTGATGACGAGGCACTACGGTGCTGAAGCAACAAATGCCCTGCTTCCAGGAAAAGCCTCTAAGCATCAGGTAACATCAAATCGTACCCCAAACCGACACAGGTGGTCAGGTAGAGAATACCAAGGCGCTTGAGAGAACTCGGGTGAAGGAACTAGGCAAAATGGTGCCGTAACTTCGGGAGAAGGCACGCTGATATGTAGGTGAAGCGACTTGCTCGTGGAGCTGAAATCAGTCGAAGATACCAGCTGGCTGCAACTGTTTATTAAAAACACAGCACTGTGCAAACACGAAAGTGGACGTATACGGTGTGACGCCTGCCCGGTGCCGGAAGGTTAATTGATGGGGTTAGCGCAAGCGAAGCTCTTGATCGAAGCCCCGGTAAACGGCGGCCGTAACTATAACGGTCCTAAGGTAGCGAAATTCCTTGTCGGGTAAGTTCCGACCTGCACGAATGGCGTAATGATGGCCAGGCTGTCTCCACCCGAGACTCA
