23srO66_v2_stap1,03_octahedron_66_0-1511-V,GCACCGTAGTGCCTTTTTTCGTCATCACCGGGACAACCGTTTTTTCGCCCGGCC
23srO66_v2_stap2,03_octahedron_66_0-1544-E,GCTTTTCCTGGTTACTTATGTCAGCATTCGCACGATGCTTAGAG
23srO66_v2_stap3,03_octahedron_66_0-1522-E,TTGTTGCTTCAGGGCTTTTCACCCGCTTTATCGAAGCAGGGCAT
23srO66_v2_stap4,03_octahedron_66_1-1577-V,GGGGTACGATTTGTTTTTATGTTACCTTTCTGATACCTCCTTTTTAGCATGCCT
23srO66_v2_stap5,03_octahedron_66_1-280-E,TTCCAGACGCTCTCTGACTGCCAGGGCCGGTTTATCGCGCGCCT
23srO66_v2_stap6,03_octahedron_66_1-258-E,ACACACTGATTAGATTAGCACGTCCTTCATCGCTCCACTAACAC
23srO66_v2_stap7,03_octahedron_66_2-59-V,TCACCTTACCGACTTTTTGCTTATCGCCAGGCTCTGGGCTTTTTTGCTCCCCGT
23srO66_v2_stap8,03_octahedron_66_2-1454-E,ACCAGCCTTGATTTTCCGGATTTGCCTTATAAC
23srO66_v2_stap9,03_octahedron_66_2-67-E,GGTTCATACCCATTCGGAAATCGCCGGTGGAAA
23srO66_v2_stap10,03_octahedron_66_2-1446-E,ACACGCTTAAACGCCTCAGCCT
23srO66_v2_stap11,03_octahedron_66_3-607-V,TCGGTTTCCCTTCTTTTTGGCTCCCCTCGCAGTCACACGCTTTTTCTAAGCGTG
23srO66_v2_stap12,03_octahedron_66_3-640-E,TCTATACCCTGAGCTCACAGCATGTGCATTTTTCGGGTTTCGGG
23srO66_v2_stap13,03_octahedron_66_3-618-E,CCAGTTAAGACACGTGTCCCGCCCTACTCATCGCAACTTAACGC
23srO66_v2_stap14,03_octahedron_66_4-673-V,AACCTGCCCATGGTTTTTCTAGATCACGTGTACGGGGCTGTTTTTTCACCCTGT
23srO66_v2_stap15,03_octahedron_66_4-1184-E,TTCGCAGGCTTCAGTTAGTGTTACCCAACCTTCCACAGCACACC
23srO66_v2_stap16,03_octahedron_66_4-1162-E,CCCTACCCAACAACATTAGTCGGTTCGGTCCTCACAGAACGCTC
23srO66_v2_stap17,03_octahedron_66_5-739-V,ACAAGTCATCCGCTTTTTTAATTTTTCAACGCATAAGCGTTTTTTCGCTGCCGC
23srO66_v2_stap18,03_octahedron_66_5-550-E,ACCCATTACTTGCTACAGAATATAAGCTTTCAC
23srO66_v2_stap19,03_octahedron_66_5-747-E,CCCCAGCCATCTCCCGGTTTGATTGGCTCGCTG
23srO66_v2_stap20,03_octahedron_66_5-542-E,TACAAAAGGTAATTCGGTTAAC
23srO66_v2_stap21,03_octahedron_66_6-1029-V,CATCCTGGCTGTCTTTTTTGGGCCTTCCCTTAGCTGGCGGTTTTTTCTGGGTTG
23srO66_v2_stap22,03_octahedron_66_6-828-E,CCCCGGAGATGATGATGGCTGCTTCTAAGCCAACAGTGCTCTAC
23srO66_v2_stap23,03_octahedron_66_6-806-E,CGCTACCTAAATGAGCTATTACGCTTTCTTTAAAATTCACGAGG
23srO66_v2_stap24,03_octahedron_66_7-1095-V,CCGCGCAGGCCGATTTTTCTCGACCAGTAGCTTTCGGGGATTTTTGAACCAGCT
23srO66_v2_stap25,03_octahedron_66_7-1302-E,CCGATTAACCTTAGGGGTCGACTCACGCCCCGT
23srO66_v2_stap26,03_octahedron_66_7-1103-E,TACATCTTAGCTTCGGTGCATGGTTTACCTGCC
23srO66_v2_stap27,03_octahedron_66_7-1294-E,CGTTGGACAGGTTTCGGCCTCG
23srO66_v2_stap28,03_octahedron_66_8-1359-V,CCTGTTTCCCATCTTTTTGACTACGCCAACCCTTGGTCTTTTTTTCCGGCGAGC
23srO66_v2_stap29,03_octahedron_66_8-1378-E,CCAAGTACCTCCGTCCCCCCTTCGCAACCATGA
23srO66_v2_stap30,03_octahedron_66_8-981-E,CTTTGGGACCACATCGTTTCCCACTTAGTAACA
23srO66_v2_stap31,03_octahedron_66_8-1370-E,AGGAATATTAAAACATAGCCTT
23srO66_v2_stap32,03_octahedron_66_9-917-V,TGTGTCTCCCGTGTTTTTATAACATTCCGGGATGACCCCCTTTTTTTGCCGAAA
23srO66_v2_stap33,03_octahedron_66_9-134-E,GGATTCAGCCCCGGTTCGCCTCATTACGTTAGC
23srO66_v2_stap34,03_octahedron_66_9-925-E,ACCCGCCGTTTCCCTCTTCACGACGGAACCTAT
23srO66_v2_stap35,03_octahedron_66_9-126-E,TTAATGATAGTTGTTTCAGTTC
23srO66_v2_stap36,03_octahedron_66_10-191-V,TCTTTTCCTCGGGTTTTTGTACTTAGAGTGTCGAAACACATTTTTCTGGGTTTC
23srO66_v2_stap37,03_octahedron_66_10-398-E,TAGCCTTGCACTATCGGTCAGTCAGGGAATCTC
23srO66_v2_stap38,03_octahedron_66_10-199-E,GGTTGATTTCGCTCGCCGCTACTGGGGAGTATT
23srO66_v2_stap39,03_octahedron_66_10-390-E,GAGGATGGTCCCGGTACTGGTT
23srO66_v2_stap40,03_octahedron_66_11-455-V,GGTTCTTTTCGCCTTTTTTTTCCCTCACCCCATATTCAGATTTTTCAGGATACC
23srO66_v2_stap41,03_octahedron_66_11-474-E,TTTTCACTTGTACGTACACGGTTTCAATCGGGT
23srO66_v2_stap42,03_octahedron_66_11-869-E,TGGTAAGTTCCGGTATTCGCAGTTTGCGGTTCT
23srO66_v2_stap43,03_octahedron_66_11-466-E,CCCCTCGCCGGCTCCCACTGCT
,None,None
,23s_rO66_v2_(0-1583),GCCCTGGCAGTCAGAGGCGATGAAGGACGTGCTAATCTGCGATAAGCGTCGGTAAGGTGATATGAACCGTTATAACCGGCGATTTCCGAATGGGGAAACCCAGTGTGTTTCGACACACTATCATTAACTGAATCCATAGGTTAATGAGGCGAACCGGGGGAACTGAAACATCTAAGTACCCCGAGGAAAAGAAATCAACCGAGATTCCCCCAGTAGCGGCGAGCGAACGGGGAGCAGCCCAGAGCCTGAATCAGTGTGTGTGTTAGTGGAAGCGTCTGGAAAGGCGCGCGATACAGGGTGACAGCCCCGTACACAAAAATGCACATGCTGTGAGCTCGATGAGTAGGGCGGGACACGTGGTATCCTGTCTGAATATGGGGGGACCATCCTCCAAGGCTAAATACTCCTGACTGACCGATAGTGAACCAGTACCGTGAGGGAAAGGCGAAAAGAACCCCGGCGAGGGGAGTGAAAAAGAACCTGAAACCGTGTACGTACAAGCAGTGGGAGCACGCTTAGGCGTGTGACTGCGTACCTTTTGTATAATGGGTCAGCGACTTATATTCTGTAGCAAGGTTAACCGAATAGGGGAGCCGAAGGGAAACCGAGTCTTAACTGGGCGTTAAGTTGCAGGGTATAGACCCGAAACCCGGTGATCTAGCCATGGGCAGGTTGAAGGTTGGGTAACACTAACTGGAGGACCGAACCGACTAATGTTGAAAAATTAGCGGATGACTTGTGGCTGGGGGTGAAAGGCCAATCAAACCGGGAGATAGCTGGTTCTCCCCGAAAGCTATTTAGGTAGCGCCTCGTGAATTCATCTCCGGGGGTAGAGCACTGTTTCGGCAAGGGGGTCATCCCGACTTACCAACCCGATGCAAACTGCGAATACCGGAGAATGTTATCACGGGAGACACACGGCGGGTGCTAACGTCCGTCGTGAAGAGGGAAACAACCCAGACCGCCAGCTAAGGTCCCAAAGTCATGGTTAAGTGGGAAACGATGTGGGAAGGCCCAGACAGCCAGGATGTTGGCTTAGAAGCAGCCATCATTTAAAGAAAGCGTAATAGCTCACTGGTCGAGTCGGCCTGCGCGGAAGATGTAACGGGGCTAAACCATGCACCGAAGCTGCGGCAGCGACGCTTATGCGTTGTTGGGTAGGGGAGCGTTCTGTAAGCCTGCGAAGGTGTGCTGTGAGGCATGCTGGAGGTATCAGAAGTGCGAATGCTGACATAAGTAACGATAAAGCGGGTGAAAAGCCCGCTCGCCGGAAGACCAAGGGTTCCTGTCCAACGTTAATCGGGGCAGGGTGAGTCGACCCCTAAGGCGAGGCCGAAAGGCGTAGTCGATGGGAAACAGGTTAATATTCCTGTACTTGGTGTTACTGCGAAGGGGGGACGGAGAAGGCTATGTTGGCCGGGCGACGGTTGTCCCGGTTTAAGCGTGTAGGCTGGTTTTCCAGGCAAATCCGGAAAATCAAGGCTGAGGCGTGATGACGAGGCACTACGGTGCTGAAGCAACAAATGCCCTGCTTCCAGGAAAAGCCTCTAAGCATCAGGTAACATCAAATCGTACCCCAAACCG
