01_tetrahedron_77_0-268-E,AGCCAGTCATCTGCACTCACTAGGCCCCAAATAAGATGTCAGGG
01_tetrahedron_77_0-246-E,TCCTCTAGCATGATACATGGCTTGAGTCTCTAAAGGAGAAACCC
01_tetrahedron_77_0-235-E,GGTTAATGGGCTTCTGGTCATG
01_tetrahedron_77_1-609-V,TGAAGTCTGGGGTTTTTTGGGCCATGGAACCAATTTGAGGTTTTTCCCAGACACGATGCTTATAATGTTTTTGGACAGGTG
01_tetrahedron_77_1-884-E,TTTCCCTCTAGGAATGGTGTCACAGGGCAGCAACCCATTGCCAA
01_tetrahedron_77_1-862-E,CTATGGGGCTACACTTCCATACCAGGTTCTAATACCTTCCTTTT
01_tetrahedron_77_1-851-E,GAAATTTACTCGCTCTGTGGTA
01_tetrahedron_77_2-474-E,ACCCTACAGTTACAAGCCTCCTCATAGCCCTGG
01_tetrahedron_77_2-705-E,ATTCTACATTTCATTTACAGCTCACCAATGGGT
01_tetrahedron_77_2-697-E,AATTTCACCATGTTATCCAAAG
01_tetrahedron_77_2-466-E,GCAAGCCCAACGGAGCATCACA
01_tetrahedron_77_3-532-V,ATATACATCAAAATTTTTGTAGCTAAGAACATTAGATATGTTTTTGGGTTGGCCCTAGTGGTGTAATTTTTTGAAAAGTTC
01_tetrahedron_77_3-576-E,GCCATATGAATTATGCATAGCCCATCAGCTTCAACTGCAAGATA
01_tetrahedron_77_3-554-E,AGGTCCACTGCACCAAGGTCTTAGTGATGGGATTGCATGGAGCA
01_tetrahedron_77_3-543-E,CAACACTGTGCTAGCAAGCAAG
01_tetrahedron_77_4-763-V,GGAGGAAGGCTCTTTTTTAGAAAGCCAAAGTGGTCTACAATTTTTCCCCTTGCACTGGGGACACTCTTTTTTTTACCTGTA
01_tetrahedron_77_4-89-E,AGTGCATATAGGGTGAAGGCCTGACTAGGGGCA
01_tetrahedron_77_4-782-E,TGGCAAACAAGGGCAGTGCTTGCCCCTGACATT
01_tetrahedron_77_4-774-E,AGGGGAGGGTGGTGAGAGTGCA
01_tetrahedron_77_4-81-E,GAGCCCCTCATATAGAGATGAC
01_tetrahedron_77_5-147-V,ATGAATCCCAATTTTTTTGTATTCCACGTCCTTGGCCTAGTTTTTGGTCCCCTCTCTGGGCAATAAATTTTTTTTGGCTGT
01_tetrahedron_77_5-397-E,CAGTCATATCCCTGAGGAGCCTGCCATTGACTT
01_tetrahedron_77_5-166-E,TGGCTTGCATCAAATAAGGCTACCTGCTAGGGG
01_tetrahedron_77_5-158-E,ATGATTCTCTCTGGTTAACTCC
01_tetrahedron_77_5-389-E,ACAAACTTCAGAGTTCCTTCTG
None,None
rT77_rsc_v2_(0-923),GGGCCTAGTGAGTGCATTAGAGACTCAAGCCATGTATCCATGACCAGAAGAGGGGACCCTAGGCCAAGGACATGAGGGGCTCTATGCACTAATGTCTAGTCAGGCCTTCACCCTAGTCATCTCTATGTGGAATACAATTGGGATTCATGAGAGAATCATGCAAGCCAAAGTCAGCAGGTAGCCTTATTTGATGGAGTTAACCAACAGCCAAATTTATTGCCCAGAGCCCATTAACCATGCTAGAGGAGGGTTTCTCCTGATGACTGGCTCCCTGACATCTGTGTCTGGGCCTCAAATTGGTTTGAAGCTGATGGGCTATGCATAATCCCATCACTAAGACCTTGGTCTTGCTTGCTAGAACTTTTCATTACACCACTAGCTGAAGTTTGTTATGACTGCCCCTAATGGCAGGCTCCTCAGGGACAGAAGGAACTGGCCAACCCCATATCTAATGTTGTTGGGCTTGCTGTAGGGTACCCATCTATGAGGAGGCTTGTAACTGTGATGCTCCCTTAGCTACTTTTGATGTATATGCACAGTGTTGGCAGTGGACCTTGCTCCATGCAATTCATATGGCTATCTTGCAGTCCATGGCCCACCCCAGACTTCATTGCTGCCCTGTGACACCATTCATTAGAACCTGGTATGGAAGTGTACCACAGAGCTGCAAGGGGTTGTAGACCACTTATGGTGAAATTTGTAGAATCCAGGGTGGTGAGCTGTAAATGAAACTTTGGATAACTGGCTTTCTAGAGCCTTCCTCCCACCCTCCCCTGTTTGCCATGCCCCAGGGGCAAGCACTGCCCTTTGCACTCTCACTACAGGTAAAGAGTGTCCCCAGGAGTAAATTTCTAGCCCCATAGAAAAGGAAGGTCTAGAGGGAAATTGGCAATGGGCACCTGTCCCATTATAAGCATCTATTTG
