03_octahedron_44_0-1003-V,TGGCTGACCTTTTTTTCATCAAGAGTATCAACGTAACATTTTTAAGCTGCTCAT
03_octahedron_44_0-1014-E,GGCGCATAGGCGAACTGGCTCATTATACCAGTCTGTACAGACCA
03_octahedron_44_1-1047-V,TTGAAAGAGGATTTTTCAGATGAACGGAGGACGTTGGGTTTTTAAGAAAAATCT
03_octahedron_44_1-167-E,TCTGGAAGTTTATAGTAGTAGCATTGACCAACTAAAGTACGGTG
03_octahedron_44_2-35-V,AAAGGTGGCATTTTTTCAATTCTACTACATTCCATATATTTTTACAGTTGATTC
03_octahedron_44_2-956-E,TACCCAAAATCTTGACAAGAACCGGATTGAGCGCGAGCATTCAT
03_octahedron_44_3-409-V,TCAGAAGCAAATTTTTGCGGATTGCATAATATCGCGTTTTTTTTTAATTCGAGC
03_octahedron_44_3-420-E,GACTATTATAGGCTGAATATAATGCTGTAGCTCGTCTTTACCCT
03_octahedron_44_4-453-V,ATGACCATAAATTTTTTCAAAAATCAGAACATGTTTTATTTTTAATATGCAACT
03_octahedron_44_4-761-E,ACGAACTAACGTTAAACAGTTCAGAAAACGAGAACGTTAATAAA
03_octahedron_44_5-497-V,CATTGAATCCCTTTTTCCTCAAATGCTGAACAACATTATTTTTTTACAGGTAGA
03_octahedron_44_5-362-E,AGACTTCACAAAAAGATTAAGAGGAAGATTTCATAAATCCCGAA
03_octahedron_44_6-673-V,CGCCAAAAGGATTTTTATTACGAGGCAACACTATCATATTTTTACCCTCGTTTA
03_octahedron_44_6-541-E,TTAGACTGGATTTCAACTAATGCAGATACATAATAGTAAAATGT
03_octahedron_44_7-717-V,GTTGAGATTTATTTTTGGAATACCACAAGCGTCCAATATTTTTCTGCGGAATCG
03_octahedron_44_7-846-E,ATCATTGTTTGAGATGGTTTAATTTCATCAAAGATTCAACTTTA
03_octahedron_44_8-893-V,CAGAACGAGTATTTTTGTAAATTGGGCGAATTACCTTATTTTTTGCGATTTTAA
03_octahedron_44_8-901-E,AGAAACACTCAGTGAATAAGGCTTGCCGCATAGTAAGACTGACG
03_octahedron_44_9-607-V,TAAAAACCAAATTTTTATAGCGAGAGGGAAGTTTTGCCTTTTTAGAGGGGGTAA
03_octahedron_44_9-76-E,ATAACCTGATTAGATACATTTCGCAAACGACCAGACGATGGTCA
03_octahedron_44_10-123-V,AACGAGTAGATTTTTTTTAGTTTGACCTTTAGCTATATTTTTTTTTCATTTGGG
03_octahedron_44_10-252-E,TCATTTTTTTTAATTGCTCCTTTTGATGCGCCAATTCTAAGAGG
03_octahedron_44_11-299-V,CAGGTCAGGATTTTTTTAGAGAGTACCGCGGATGGCTTTTTTTAGAGCTTAATT
03_octahedron_44_11-307-E,AACTCCAATTCAAAGCGAACCAGACCGAAACTTTTGCAGAAGCA
None,None
full_M13_(0-1055),AATGCTACTACTATTAGTAGAATTGATGCCACCTTTTCAGCTCGCGCCCCAAATGAAAATATAGCTAAACAGGTTATTGACCATTTGCGAAATGTATCTAATGGTCAAACTAAATCTACTCGTTCGCAGAATTGGGAATCAACTGTTATATGGAATGAAACTTCCAGACACCGTACTTTAGTTGCATATTTAAAACATGTTGAGCTACAGCATTATATTCAGCAATTAAGCTCTAAGCCATCCGCAAAAATGACCTCTTATCAAAAGGAGCAATTAAAGGTACTCTCTAATCCTGACCTGTTGGAGTTTGCTTCCGGTCTGGTTCGCTTTGAAGCTCGAATTAAAACGCGATATTTGAAGTCTTTCGGGCTTCCTCTTAATCTTTTTGATGCAATCCGCTTTGCTTCTGACTATAATAGTCAGGGTAAAGACCTGATTTTTGATTTATGGTCATTCTCGTTTTCTGAACTGTTTAAAGCATTTGAGGGGGATTCAATGAATATTTATGACGATTCCGCAGTATTGGACGCTATCCAGTCTAAACATTTTACTATTACCCCCTCTGGCAAAACTTCTTTTGCAAAAGCCTCTCGCTATTTTGGTTTTTATCGTCGTCTGGTAAACGAGGGTTATGATAGTGTTGCTCTTACTATGCCTCGTAATTCCTTTTGGCGTTATGTATCTGCATTAGTTGAATGTGGTATTCCTAAATCTCAACTGATGAATCTTTCTACCTGTAATAATGTTGTTCCGTTAGTTCGTTTTATTAACGTAGATTTTTCTTCCCAACGTCCTGACTGGTATAATGAGCCAGTTCTTAAAATCGCATAAGGTAATTCACAATGATTAAAGTTGAAATTAAACCATCTCAAGCCCAATTTACTACTCGTTCTGGTGTTTCTCGTCAGGGCAAGCCTTATTCACTGAATGAGCAGCTTTGTTACGTTGATTTGGGTAATGAATATCCGGTTCTTGTCAAGATTACTCTTGATGAAGGTCAGCCAGCCTATGCGCCTGGTCTGTACACCGTTCATCTGTCCTCTTTCAAAGTTGGTC
