01_tetrahedron_66_0-222-E,GCTGAATATAAATAGTAGTAGCATTACGTTGGGAGAGCTTAATT
01_tetrahedron_66_0-200-E,AACATGTTTTAAAAGGTGGCATCAATTCTACTATGCTGTAGCTC
01_tetrahedron_66_1-541-V,TTAGACTGGATTTTTTAGCGTCCAATAAGGTCATTTTTTTTTTGCGGATGGCTTAAGAAAAATCTTTTTTACGTTAATAAA
01_tetrahedron_66_1-750-E,GAACAACATTAAGAGGGGGTAATAGTAAAATGTACGAACTAACG
01_tetrahedron_66_1-728-E,AAGATTCATCACTTTTGCAAAAGAAGTTTTGCCTTACAGGTAGA
01_tetrahedron_66_2-417-E,TATTATAGTCAAAAATCAGGTCTTTACTTACCA
01_tetrahedron_66_2-615-E,GACGACGAACACTATCATAACCCTCGTCCTGAC
01_tetrahedron_66_2-409-E,TCAGAAGCAAAATGACCATAAA
01_tetrahedron_66_3-475-V,TTAAACAGTTCTTTTTAGAAAACGAGAGCGGATTGCATTTTTTCAAAAAGATTACCAGACCGGAATTTTTGCAAACTCCAA
01_tetrahedron_66_3-508-E,TCATAAATATTTTTAATTGCTCCTTTTGATAAGCTGCGGAATCG
01_tetrahedron_66_3-486-E,CCTCAAATGCTCAGGTCAGGATTAGAGAGTACCCATTGAATCCC
01_tetrahedron_66_4-662-V,ATTACGAGGCATTTTTTAGTAAGAGCATAAAAACCAAATTTTTATAGCGAGAGGGTTGAGATTTATTTTTGGAATACCACA
01_tetrahedron_66_4-76-E,ATAACCTGATTAGATACATTTCGCAAATAACGC
01_tetrahedron_66_4-670-E,CAAAAGGATTCAACTAATGCAGATACATGGTCA
01_tetrahedron_66_4-68-E,TTTAGCTATATTTAGTTTGACC
01_tetrahedron_66_5-134-V,CCAATTCTGCGTTTTTAACGAGTAGATTTTCATTTGGGTTTTTGCGCGAGCTGAAATATGCAACTTTTTTAAAGTACGGTG
01_tetrahedron_66_5-340-E,ATTCGAGCGAAAGACTTCAAATATCGCATAACA
01_tetrahedron_66_5-142-E,GTTGATTCTCTGGAAGTTTCATTCCATGTTTTA
01_tetrahedron_66_5-332-E,TTCAAAGCGAAAGAGGAAGCCC
None,None
full_M13_(0-791),AATGCTACTACTATTAGTAGAATTGATGCCACCTTTTCAGCTCGCGCCCCAAATGAAAATATAGCTAAACAGGTTATTGACCATTTGCGAAATGTATCTAATGGTCAAACTAAATCTACTCGTTCGCAGAATTGGGAATCAACTGTTATATGGAATGAAACTTCCAGACACCGTACTTTAGTTGCATATTTAAAACATGTTGAGCTACAGCATTATATTCAGCAATTAAGCTCTAAGCCATCCGCAAAAATGACCTCTTATCAAAAGGAGCAATTAAAGGTACTCTCTAATCCTGACCTGTTGGAGTTTGCTTCCGGTCTGGTTCGCTTTGAAGCTCGAATTAAAACGCGATATTTGAAGTCTTTCGGGCTTCCTCTTAATCTTTTTGATGCAATCCGCTTTGCTTCTGACTATAATAGTCAGGGTAAAGACCTGATTTTTGATTTATGGTCATTCTCGTTTTCTGAACTGTTTAAAGCATTTGAGGGGGATTCAATGAATATTTATGACGATTCCGCAGTATTGGACGCTATCCAGTCTAAACATTTTACTATTACCCCCTCTGGCAAAACTTCTTTTGCAAAAGCCTCTCGCTATTTTGGTTTTTATCGTCGTCTGGTAAACGAGGGTTATGATAGTGTTGCTCTTACTATGCCTCGTAATTCCTTTTGGCGTTATGTATCTGCATTAGTTGAATGTGGTATTCCTAAATCTCAACTGATGAATCTTTCTACCTGTAATAATGTTGTTCCGTTAGTTCGTTTTATTAACGTAGATTTTTCTTCCCAACGT
