03_octahedron_66_0-1509-V,CGAGGTGAATTTTTTTTCTTAAACAGCTATATTCGGTCTTTTTGCTGAGGCTTG
03_octahedron_66_0-1542-E,GCCTTTAATTGAGAGGCAAAAGAATACACTAAACTCCAAAAGGA
03_octahedron_66_0-1520-E,CAGCTTGCTTTGAAGGCACCAACCTAAAACGAATATCGGTTTAT
03_octahedron_66_1-1575-V,TTGAAAATCTCTTTTTCAAAAAAAAGGACACTCATCTTTTTTTTGACCCCCAGC
03_octahedron_66_1-277-E,TTTAATTGCTCATAGTAGTAGCATTTTTTCACGTAGAGAGTACC
03_octahedron_66_1-255-E,AGGTCATTTTTAAAGGTGGCATCAATTCTACTACTTTTGATAAG
03_octahedron_66_2-57-V,TTTCATTTGGGTTTTTGCGCGAGCTGAGCGGATGGCTTTTTTTAGAGCTTAATT
03_octahedron_66_2-1451-E,ATCGCCCAAGTTGCGCCGACAATGACACTGTTT
03_octahedron_66_2-65-E,AGCTATATTTCGCAAATGGTCAATAACACAACC
03_octahedron_66_2-1443-E,CGCATAACCGATTGATACCGAT
03_octahedron_66_3-607-V,TAAAAACCAAATTTTTATAGCGAGAGGAGCGTCCAATATTTTTCTGCGGAATCG
03_octahedron_66_3-640-E,ACACTATCATATTCAAAGCGAACCAGACCGGAATAGTAAGAGCA
03_octahedron_66_3-618-E,CCAGACGACGAAATATCGCGTTTTAATTCGAGCACCCTCGTTTA
03_octahedron_66_4-673-V,CGCCAAAAGGATTTTTATTACGAGGCAGCAAACTCCAATTTTTCAGGTCAGGAT
03_octahedron_66_4-1179-E,GCGCGAAACAATTCAACTAATGCAGATACATAAGATTATACCAA
03_octahedron_66_4-1157-E,GATTTGTATCAGTTGAGATTTAGGAATACCACAAGTACAACGGA
03_octahedron_66_5-739-V,TTACAGGTAGATTTTTAAGATTCATCATCGCCTGATAATTTTTATTGTGTCGAA
03_octahedron_66_5-549-E,TAAAATGTGAAGTTTTGCCAGAGGGGGACGGAA
03_octahedron_66_5-747-E,CAACATTAACGTTAATAAAACGAACTATAATAG
03_octahedron_66_5-541-E,TTAGACTGGATCTTTTGCAAAA
03_octahedron_66_6-1025-V,TGTACAGACCATTTTTGGCGCATAGGCAACCGGATATTTTTTTCATTACCCAAA
03_octahedron_66_6-827-E,TGCGATTTTAATTGAAAGAGGACAGATGAACGGGAATTACCTTA
03_octahedron_66_6-805-E,TTATACCAGTCAAGGGAACCGAACTGACCAACTGAACTGGCTCA
03_octahedron_66_7-1091-V,CGAGGCGCAGATTTTTCGGTCAATCATAGGACGTTGGGTTTTTAAGAAAAATCT
03_octahedron_66_7-1297-E,GGAAGTTTTTGAGGACTAAAGACTTTTTTACTT
03_octahedron_66_7-1099-E,AGCCGGAAATCCGCGACCTGCTCCATGTCATGA
03_octahedron_66_7-1289-E,CCATTAAACGGCTACAGAGGCT
03_octahedron_66_8-1355-V,ATCGGAACGAGTTTTTGGTAGCAACGGGTAAAATACGTTTTTTAATGCCACTAC
03_octahedron_66_8-1374-E,CTCAGCAGAGGCCGCTTTTGCGGGATCGTAATC
03_octahedron_66_8-978-E,TTGACAAGTGGCTGACCTTCATCAAGAGTCACC
03_octahedron_66_8-1366-E,CGAAAGACAGCCAGGGAGTTAA
03_octahedron_66_9-915-V,GGCTTGCCCTGTTTTTACGAGAAACACTAATTTCAACTTTTTTTTAATCATTGT
03_octahedron_66_9-131-E,ATTCTGCGCATTCCATATAACAGTTGACATTCA
03_octahedron_66_9-923-E,GTGAATAATCAACGTAACAAAGCTGCTTTCCCA
03_octahedron_66_9-123-E,AACGAGTAGATTCTGGAAGTTT
03_octahedron_66_10-189-V,AATATGCAACTTTTTTAAAGTACGGTGTTAGTTTGACCTTTTTATTAGATACAT
03_octahedron_66_10-395-E,GATTGCATGACTATTATAGTCAGAAGCCTCAAC
03_octahedron_66_10-197-E,ATGTTTTAGCTGAATATAATGCTGTAGAAAGCG
03_octahedron_66_10-387-E,CAAAAAGATTAGTCTTTACCCT
03_octahedron_66_11-453-V,ATGACCATAAATTTTTTCAAAAATCAGAGAGGAAGCCCTTTTTGAAAGACTTCA
03_octahedron_66_11-472-E,AACAGTTCCATTGAATCCCCCTCAAATGGCTTG
03_octahedron_66_11-868-E,AGATGGTTCAGAACGAGTAGTAAATTGGCTTTA
03_octahedron_66_11-464-E,AGAAAACGAGATCATAAATATT
None,None
full_M13_(0-1583),AATGCTACTACTATTAGTAGAATTGATGCCACCTTTTCAGCTCGCGCCCCAAATGAAAATATAGCTAAACAGGTTATTGACCATTTGCGAAATGTATCTAATGGTCAAACTAAATCTACTCGTTCGCAGAATTGGGAATCAACTGTTATATGGAATGAAACTTCCAGACACCGTACTTTAGTTGCATATTTAAAACATGTTGAGCTACAGCATTATATTCAGCAATTAAGCTCTAAGCCATCCGCAAAAATGACCTCTTATCAAAAGGAGCAATTAAAGGTACTCTCTAATCCTGACCTGTTGGAGTTTGCTTCCGGTCTGGTTCGCTTTGAAGCTCGAATTAAAACGCGATATTTGAAGTCTTTCGGGCTTCCTCTTAATCTTTTTGATGCAATCCGCTTTGCTTCTGACTATAATAGTCAGGGTAAAGACCTGATTTTTGATTTATGGTCATTCTCGTTTTCTGAACTGTTTAAAGCATTTGAGGGGGATTCAATGAATATTTATGACGATTCCGCAGTATTGGACGCTATCCAGTCTAAACATTTTACTATTACCCCCTCTGGCAAAACTTCTTTTGCAAAAGCCTCTCGCTATTTTGGTTTTTATCGTCGTCTGGTAAACGAGGGTTATGATAGTGTTGCTCTTACTATGCCTCGTAATTCCTTTTGGCGTTATGTATCTGCATTAGTTGAATGTGGTATTCCTAAATCTCAACTGATGAATCTTTCTACCTGTAATAATGTTGTTCCGTTAGTTCGTTTTATTAACGTAGATTTTTCTTCCCAACGTCCTGACTGGTATAATGAGCCAGTTCTTAAAATCGCATAAGGTAATTCACAATGATTAAAGTTGAAATTAAACCATCTCAAGCCCAATTTACTACTCGTTCTGGTGTTTCTCGTCAGGGCAAGCCTTATTCACTGAATGAGCAGCTTTGTTACGTTGATTTGGGTAATGAATATCCGGTTCTTGTCAAGATTACTCTTGATGAAGGTCAGCCAGCCTATGCGCCTGGTCTGTACACCGTTCATCTGTCCTCTTTCAAAGTTGGTCAGTTCGGTTCCCTTATGATTGACCGTCTGCGCCTCGTTCCGGCTAAGTAACATGGAGCAGGTCGCGGATTTCGACACAATTTATCAGGCGATGATACAAATCTCCGTTGTACTTTGTTTCGCGCTTGGTATAATCGCTGGGGGTCAAAGATGAGTGTTTTAGTGTATTCTTTTGCCTCTTTCGTTTTAGGTTGGTGCCTTCGTAGTGGCATTACGTATTTTACCCGTTTAATGGAAACTTCCTCATGAAAAAGTCTTTAGTCCTCAAAGCCTCTGTAGCCGTTGCTACCCTCGTTCCGATGCTGTCTTTCGCTGCTGAGGGTGACGATCCCGCAAAAGCGGCCTTTAACTCCCTGCAAGCCTCAGCGACCGAATATATCGGTTATGCGTGGGCGATGGTTGTTGTCATTGTCGGCGCAACTATCGGTATCAAGCTGTTTAAGAAATTCACCTCGAAAGCAAGCTGATAAACCGATACAATTAAAGGCTCCTTTTGGAGCCTTTTTTTTGGAGATTTTCAACGTGAAAA
